<?xml version="1.0" encoding="UTF-8"?>
<beans xmlns="http://www.springframework.org/schema/beans"
       xmlns:xsi="http://www.w3.org/2001/XMLSchema-instance"
       xmlns:context="http://www.springframework.org/schema/context"
       xsi:schemaLocation="http://www.springframework.org/schema/beans
                           http://www.springframework.org/schema/beans/spring-beans.xsd
                           http://www.springframework.org/schema/context
                           http://www.springframework.org/schema/context/spring-context.xsd
                           http://www.springframework.org/schema/aop
                           http://www.springframework.org/schema/aop/spring-aop.xsd">
    <!--读取properties文件-->
    <context:property-placeholder location="classpath:db.properties"/>
    <!--    数据源-->
    <bean id="dataSource" class="org.springframework.jdbc.datasource.DriverManagerDataSource">
        <property name="driverClassName" value="${ie.driverClassName}" />
        <property name="url" value="${ie.url}" />
        <property name="username" value="${ie.username}" />
        <property name="password" value="${ie.password}" />
    </bean>
    <!-- 类似于sqlSession的工厂 -->
    <bean id="sqlSessionFactory" class="org.mybatis.spring.SqlSessionFactoryBean">
        <property name="dataSource" ref="dataSource"/>
        <property name="typeAliasesPackage" value="cn.gzy.pojo"/>
        <property name="mapperLocations" value="classpath:/mappers/*.xml"/>
        <property name="configLocation" value="classpath:config.xml"/>
    </bean>
    <!-- mapper接口的映射地址-->
    <bean class="org.mybatis.spring.mapper.MapperScannerConfigurer">
        <property name="sqlSessionFactoryBeanName" value="sqlSessionFactory"/>
        <property name="basePackage" value="cn.gzy.mapper"/>
    </bean>

</beans>